{
    "commit_info": {
        "project": "trybenchmark", 
        "id": "aae39ee2f797e77b72eb80ce9ef30ef8f0e37f19", 
        "dirty": false
    }, 
    "version": "3.1.0a1", 
    "benchmarks": [
        {
            "group": null, 
            "name": "test_pystone", 
            "param": null, 
            "params": null, 
            "stats": {
                "q1": 0.7273913621902466, 
                "q3": 0.7836589217185974, 
                "iterations": 1, 
                "min": 0.6935079097747803, 
                "max": 0.7842710018157959, 
                "median": 0.7603340148925781, 
                "iqr": 0.05626755952835083, 
                "stddev_outliers": 1, 
                "ld15iqr": 0.6935079097747803, 
                "stddev": 0.037745404424042485, 
                "hd15iqr": 0.7842710018157959, 
                "outliers": "1;0", 
                "iqr_outliers": 0, 
                "rounds": 5, 
                "mean": 0.7520507335662842
            }, 
            "fullname": "test_bench.py::test_pystone", 
            "options": {
                "disable_gc": false, 
                "warmup": false, 
                "timer": "time", 
                "min_rounds": 5, 
                "max_time": 1.0, 
                "min_time": 5e-06
            }
        }, 
        {
            "group": null, 
            "name": "test_sum", 
            "param": null, 
            "params": null, 
            "stats": {
                "q1": 0.09252643585205078, 
                "q3": 0.09685194492340088, 
                "iterations": 1, 
                "min": 0.07675790786743164, 
                "max": 0.09784793853759766, 
                "median": 0.09535086154937744, 
                "iqr": 0.004325509071350098, 
                "stddev_outliers": 2, 
                "ld15iqr": 0.09182000160217285, 
                "stddev": 0.007274644431012651, 
                "hd15iqr": 0.09784793853759766, 
                "outliers": "2;2", 
                "iqr_outliers": 2, 
                "rounds": 12, 
                "mean": 0.09253843625386556
            }, 
            "fullname": "test_bench.py::test_sum", 
            "options": {
                "disable_gc": false, 
                "warmup": false, 
                "timer": "time", 
                "min_rounds": 5, 
                "max_time": 1.0, 
                "min_time": 5e-06
            }
        }
    ], 
    "machine_info": {
        "node": "testing-worker-linux-docker-b0665329-3446-linux-2", 
        "python_version": "2.7.9", 
        "python_implementation": "CPython", 
        "python_build": [
            "default", 
            "Feb  5 2015 15:48:42"
        ], 
        "python_implementation_version": "2.7.9", 
        "system": "Linux", 
        "processor": "x86_64", 
        "machine": "x86_64", 
        "release": "3.13.0-40-generic", 
        "python_compiler": "GCC 4.6.3", 
        "cpu": {
            "hardware": "", 
            "brand": "Intel(R) Xeon(R) CPU E5-2680 v2 @ 2.80GHz", 
            "vendor_id": "GenuineIntel"
        }
    }, 
    "datetime": "2016-11-04T14:06:54.599186"
}